MAtrixName,Time mean Numpy linalog,Time std Numpy linalog,Time mean steepestDescent,Time std steepestDescent, mean log10 error steepest descent, std log10 error steepest descent,mean Time Conjugate gardient,std Time Conjugate gardient,mean log10 error Conjugate gardient,std log10 error Conjugate gardient
A,0.0010113954544067384,0.00018976145700451083,0.0010993552207946777,2.4661228958540105e-05,-15.89351637023129,-15.89351637023129,0.0011287307739257812,7.085199381951154e-05,-15.709922294436895,-15.709922294436895
B,0.002593672275543213,0.00591242918272638,0.029484715461730957,0.004867627796123413,-14.645222589866249,-14.645222589866249,0.006715247631072998,0.000493999595673108,-14.176263857914034,-14.176263857914034
C,9.630441665649414e-05,1.9138115077664285e-05,0.003739948272705078,0.0006292496697696236,-14.88727408449529,-14.88727408449529,0.00117128849029541,0.0004094159892028115,-12.813725542037766,-12.813725542037766
D,7.622480392456054e-05,1.0396651868594628e-05,0.0021378350257873534,0.0002628466164322133,-11.84104054471901,-11.84104054471901,0.0008789467811584473,0.00019923259153545927,-11.235306610470923,-11.235306610470923
E,0.30081077575683596,0.06311794176792626,0.023153777122497558,0.006149871847509288,-6.56259755197375,-6.56259755197375,0.02279439926147461,0.007099930060599348,-7.816557311352043,-7.816557311352043
